filename,image_path,mask_path,width,height,channels,polyp_pixels,total_pixels,area_pct,size_bucket
1.png,Data/CVC-ClinicDB/images/1.png,Data/CVC-ClinicDB/masks/1.png,384,288,3,16978,110592,15.3519,Medium
10.png,Data/CVC-ClinicDB/images/10.png,Data/CVC-ClinicDB/masks/10.png,384,288,3,18262,110592,16.5129,Medium
100.png,Data/CVC-ClinicDB/images/100.png,Data/CVC-ClinicDB/masks/100.png,384,288,3,7215,110592,6.524,Medium
101.png,Data/CVC-ClinicDB/images/101.png,Data/CVC-ClinicDB/masks/101.png,384,288,3,7827,110592,7.0774,Medium
102.png,Data/CVC-ClinicDB/images/102.png,Data/CVC-ClinicDB/masks/102.png,384,288,3,7843,110592,7.0918,Medium
103.png,Data/CVC-ClinicDB/images/103.png,Data/CVC-ClinicDB/masks/103.png,384,288,3,9466,110592,8.5594,Medium
104.png,Data/CVC-ClinicDB/images/104.png,Data/CVC-ClinicDB/masks/104.png,384,288,3,13263,110592,11.9927,Medium
105.png,Data/CVC-ClinicDB/images/105.png,Data/CVC-ClinicDB/masks/105.png,384,288,3,16259,110592,14.7018,Medium
106.png,Data/CVC-ClinicDB/images/106.png,Data/CVC-ClinicDB/masks/106.png,384,288,3,14437,110592,13.0543,Medium
107.png,Data/CVC-ClinicDB/images/107.png,Data/CVC-ClinicDB/masks/107.png,384,288,3,20798,110592,18.8061,Medium
108.png,Data/CVC-ClinicDB/images/108.png,Data/CVC-ClinicDB/masks/108.png,384,288,3,19789,110592,17.8937,Medium
109.png,Data/CVC-ClinicDB/images/109.png,Data/CVC-ClinicDB/masks/109.png,384,288,3,18187,110592,16.4451,Medium
11.png,Data/CVC-ClinicDB/images/11.png,Data/CVC-ClinicDB/masks/11.png,384,288,3,17627,110592,15.9388,Medium
110.png,Data/CVC-ClinicDB/images/110.png,Data/CVC-ClinicDB/masks/110.png,384,288,3,25371,110592,22.9411,Large
111.png,Data/CVC-ClinicDB/images/111.png,Data/CVC-ClinicDB/masks/111.png,384,288,3,25628,110592,23.1735,Large
112.png,Data/CVC-ClinicDB/images/112.png,Data/CVC-ClinicDB/masks/112.png,384,288,3,25744,110592,23.2784,Large
113.png,Data/CVC-ClinicDB/images/113.png,Data/CVC-ClinicDB/masks/113.png,384,288,3,25929,110592,23.4456,Large
114.png,Data/CVC-ClinicDB/images/114.png,Data/CVC-ClinicDB/masks/114.png,384,288,3,27007,110592,24.4204,Large
115.png,Data/CVC-ClinicDB/images/115.png,Data/CVC-ClinicDB/masks/115.png,384,288,3,14861,110592,13.4377,Medium
116.png,Data/CVC-ClinicDB/images/116.png,Data/CVC-ClinicDB/masks/116.png,384,288,3,15701,110592,14.1972,Medium
117.png,Data/CVC-ClinicDB/images/117.png,Data/CVC-ClinicDB/masks/117.png,384,288,3,13632,110592,12.3264,Medium
118.png,Data/CVC-ClinicDB/images/118.png,Data/CVC-ClinicDB/masks/118.png,384,288,3,15540,110592,14.0516,Medium
119.png,Data/CVC-ClinicDB/images/119.png,Data/CVC-ClinicDB/masks/119.png,384,288,3,12854,110592,11.6229,Medium
12.png,Data/CVC-ClinicDB/images/12.png,Data/CVC-ClinicDB/masks/12.png,384,288,3,25551,110592,23.1038,Large
120.png,Data/CVC-ClinicDB/images/120.png,Data/CVC-ClinicDB/masks/120.png,384,288,3,16916,110592,15.2959,Medium
121.png,Data/CVC-ClinicDB/images/121.png,Data/CVC-ClinicDB/masks/121.png,384,288,3,17093,110592,15.4559,Medium
122.png,Data/CVC-ClinicDB/images/122.png,Data/CVC-ClinicDB/masks/122.png,384,288,3,16859,110592,15.2443,Medium
123.png,Data/CVC-ClinicDB/images/123.png,Data/CVC-ClinicDB/masks/123.png,384,288,3,15367,110592,13.8952,Medium
124.png,Data/CVC-ClinicDB/images/124.png,Data/CVC-ClinicDB/masks/124.png,384,288,3,16894,110592,15.276,Medium
125.png,Data/CVC-ClinicDB/images/125.png,Data/CVC-ClinicDB/masks/125.png,384,288,3,10385,110592,9.3904,Medium
126.png,Data/CVC-ClinicDB/images/126.png,Data/CVC-ClinicDB/masks/126.png,384,288,3,10540,110592,9.5305,Medium
127.png,Data/CVC-ClinicDB/images/127.png,Data/CVC-ClinicDB/masks/127.png,384,288,3,5122,110592,4.6314,Small
128.png,Data/CVC-ClinicDB/images/128.png,Data/CVC-ClinicDB/masks/128.png,384,288,3,6174,110592,5.5827,Medium
129.png,Data/CVC-ClinicDB/images/129.png,Data/CVC-ClinicDB/masks/129.png,384,288,3,7910,110592,7.1524,Medium
13.png,Data/CVC-ClinicDB/images/13.png,Data/CVC-ClinicDB/masks/13.png,384,288,3,13995,110592,12.6546,Medium
130.png,Data/CVC-ClinicDB/images/130.png,Data/CVC-ClinicDB/masks/130.png,384,288,3,10263,110592,9.2801,Medium
131.png,Data/CVC-ClinicDB/images/131.png,Data/CVC-ClinicDB/masks/131.png,384,288,3,10576,110592,9.5631,Medium
132.png,Data/CVC-ClinicDB/images/132.png,Data/CVC-ClinicDB/masks/132.png,384,288,3,5361,110592,4.8475,Small
133.png,Data/CVC-ClinicDB/images/133.png,Data/CVC-ClinicDB/masks/133.png,384,288,3,7692,110592,6.9553,Medium
134.png,Data/CVC-ClinicDB/images/134.png,Data/CVC-ClinicDB/masks/134.png,384,288,3,7122,110592,6.4399,Medium
135.png,Data/CVC-ClinicDB/images/135.png,Data/CVC-ClinicDB/masks/135.png,384,288,3,15832,110592,14.3157,Medium
136.png,Data/CVC-ClinicDB/images/136.png,Data/CVC-ClinicDB/masks/136.png,384,288,3,13410,110592,12.1257,Medium
137.png,Data/CVC-ClinicDB/images/137.png,Data/CVC-ClinicDB/masks/137.png,384,288,3,11670,110592,10.5523,Medium
138.png,Data/CVC-ClinicDB/images/138.png,Data/CVC-ClinicDB/masks/138.png,384,288,3,17963,110592,16.2426,Medium
139.png,Data/CVC-ClinicDB/images/139.png,Data/CVC-ClinicDB/masks/139.png,384,288,3,20378,110592,18.4263,Medium
14.png,Data/CVC-ClinicDB/images/14.png,Data/CVC-ClinicDB/masks/14.png,384,288,3,23199,110592,20.9771,Large
140.png,Data/CVC-ClinicDB/images/140.png,Data/CVC-ClinicDB/masks/140.png,384,288,3,22799,110592,20.6154,Large
141.png,Data/CVC-ClinicDB/images/141.png,Data/CVC-ClinicDB/masks/141.png,384,288,3,29183,110592,26.388,Large
142.png,Data/CVC-ClinicDB/images/142.png,Data/CVC-ClinicDB/masks/142.png,384,288,3,24563,110592,22.2105,Large
143.png,Data/CVC-ClinicDB/images/143.png,Data/CVC-ClinicDB/masks/143.png,384,288,3,4556,110592,4.1196,Small
144.png,Data/CVC-ClinicDB/images/144.png,Data/CVC-ClinicDB/masks/144.png,384,288,3,16500,110592,14.9197,Medium
145.png,Data/CVC-ClinicDB/images/145.png,Data/CVC-ClinicDB/masks/145.png,384,288,3,22541,110592,20.3821,Large
146.png,Data/CVC-ClinicDB/images/146.png,Data/CVC-ClinicDB/masks/146.png,384,288,3,22442,110592,20.2926,Large
147.png,Data/CVC-ClinicDB/images/147.png,Data/CVC-ClinicDB/masks/147.png,384,288,3,13509,110592,12.2152,Medium
148.png,Data/CVC-ClinicDB/images/148.png,Data/CVC-ClinicDB/masks/148.png,384,288,3,9913,110592,8.9636,Medium
149.png,Data/CVC-ClinicDB/images/149.png,Data/CVC-ClinicDB/masks/149.png,384,288,3,9192,110592,8.3116,Medium
15.png,Data/CVC-ClinicDB/images/15.png,Data/CVC-ClinicDB/masks/15.png,384,288,3,36223,110592,32.7537,Large
150.png,Data/CVC-ClinicDB/images/150.png,Data/CVC-ClinicDB/masks/150.png,384,288,3,8495,110592,7.6814,Medium
151.png,Data/CVC-ClinicDB/images/151.png,Data/CVC-ClinicDB/masks/151.png,384,288,3,6858,110592,6.2012,Medium
152.png,Data/CVC-ClinicDB/images/152.png,Data/CVC-ClinicDB/masks/152.png,384,288,3,20696,110592,18.7138,Medium
153.png,Data/CVC-ClinicDB/images/153.png,Data/CVC-ClinicDB/masks/153.png,384,288,3,6318,110592,5.7129,Medium
154.png,Data/CVC-ClinicDB/images/154.png,Data/CVC-ClinicDB/masks/154.png,384,288,3,600,110592,0.5425,Small
155.png,Data/CVC-ClinicDB/images/155.png,Data/CVC-ClinicDB/masks/155.png,384,288,3,1680,110592,1.5191,Small
156.png,Data/CVC-ClinicDB/images/156.png,Data/CVC-ClinicDB/masks/156.png,384,288,3,4693,110592,4.2435,Small
157.png,Data/CVC-ClinicDB/images/157.png,Data/CVC-ClinicDB/masks/157.png,384,288,3,7502,110592,6.7835,Medium
158.png,Data/CVC-ClinicDB/images/158.png,Data/CVC-ClinicDB/masks/158.png,384,288,3,4493,110592,4.0627,Small
159.png,Data/CVC-ClinicDB/images/159.png,Data/CVC-ClinicDB/masks/159.png,384,288,3,1808,110592,1.6348,Small
16.png,Data/CVC-ClinicDB/images/16.png,Data/CVC-ClinicDB/masks/16.png,384,288,3,7893,110592,7.137,Medium
160.png,Data/CVC-ClinicDB/images/160.png,Data/CVC-ClinicDB/masks/160.png,384,288,3,8216,110592,7.4291,Medium
161.png,Data/CVC-ClinicDB/images/161.png,Data/CVC-ClinicDB/masks/161.png,384,288,3,3163,110592,2.8601,Small
162.png,Data/CVC-ClinicDB/images/162.png,Data/CVC-ClinicDB/masks/162.png,384,288,3,5105,110592,4.6161,Small
163.png,Data/CVC-ClinicDB/images/163.png,Data/CVC-ClinicDB/masks/163.png,384,288,3,5162,110592,4.6676,Small
164.png,Data/CVC-ClinicDB/images/164.png,Data/CVC-ClinicDB/masks/164.png,384,288,3,3163,110592,2.8601,Small
165.png,Data/CVC-ClinicDB/images/165.png,Data/CVC-ClinicDB/masks/165.png,384,288,3,7347,110592,6.6433,Medium
166.png,Data/CVC-ClinicDB/images/166.png,Data/CVC-ClinicDB/masks/166.png,384,288,3,7332,110592,6.6298,Medium
167.png,Data/CVC-ClinicDB/images/167.png,Data/CVC-ClinicDB/masks/167.png,384,288,3,3503,110592,3.1675,Small
168.png,Data/CVC-ClinicDB/images/168.png,Data/CVC-ClinicDB/masks/168.png,384,288,3,4955,110592,4.4804,Small
169.png,Data/CVC-ClinicDB/images/169.png,Data/CVC-ClinicDB/masks/169.png,384,288,3,6614,110592,5.9805,Medium
17.png,Data/CVC-ClinicDB/images/17.png,Data/CVC-ClinicDB/masks/17.png,384,288,3,14942,110592,13.5109,Medium
170.png,Data/CVC-ClinicDB/images/170.png,Data/CVC-ClinicDB/masks/170.png,384,288,3,4667,110592,4.22,Small
171.png,Data/CVC-ClinicDB/images/171.png,Data/CVC-ClinicDB/masks/171.png,384,288,3,5203,110592,4.7047,Small
172.png,Data/CVC-ClinicDB/images/172.png,Data/CVC-ClinicDB/masks/172.png,384,288,3,3113,110592,2.8149,Small
173.png,Data/CVC-ClinicDB/images/173.png,Data/CVC-ClinicDB/masks/173.png,384,288,3,10891,110592,9.8479,Medium
174.png,Data/CVC-ClinicDB/images/174.png,Data/CVC-ClinicDB/masks/174.png,384,288,3,11569,110592,10.461,Medium
175.png,Data/CVC-ClinicDB/images/175.png,Data/CVC-ClinicDB/masks/175.png,384,288,3,15186,110592,13.7316,Medium
176.png,Data/CVC-ClinicDB/images/176.png,Data/CVC-ClinicDB/masks/176.png,384,288,3,12779,110592,11.5551,Medium
177.png,Data/CVC-ClinicDB/images/177.png,Data/CVC-ClinicDB/masks/177.png,384,288,3,8205,110592,7.4192,Medium
178.png,Data/CVC-ClinicDB/images/178.png,Data/CVC-ClinicDB/masks/178.png,384,288,3,424,110592,0.3834,Small
179.png,Data/CVC-ClinicDB/images/179.png,Data/CVC-ClinicDB/masks/179.png,384,288,3,2998,110592,2.7109,Small
18.png,Data/CVC-ClinicDB/images/18.png,Data/CVC-ClinicDB/masks/18.png,384,288,3,11657,110592,10.5405,Medium
180.png,Data/CVC-ClinicDB/images/180.png,Data/CVC-ClinicDB/masks/180.png,384,288,3,3392,110592,3.0671,Small
181.png,Data/CVC-ClinicDB/images/181.png,Data/CVC-ClinicDB/masks/181.png,384,288,3,3214,110592,2.9062,Small
182.png,Data/CVC-ClinicDB/images/182.png,Data/CVC-ClinicDB/masks/182.png,384,288,3,3509,110592,3.1729,Small
183.png,Data/CVC-ClinicDB/images/183.png,Data/CVC-ClinicDB/masks/183.png,384,288,3,3267,110592,2.9541,Small
184.png,Data/CVC-ClinicDB/images/184.png,Data/CVC-ClinicDB/masks/184.png,384,288,3,3161,110592,2.8583,Small
185.png,Data/CVC-ClinicDB/images/185.png,Data/CVC-ClinicDB/masks/185.png,384,288,3,4893,110592,4.4244,Small
186.png,Data/CVC-ClinicDB/images/186.png,Data/CVC-ClinicDB/masks/186.png,384,288,3,8145,110592,7.3649,Medium
187.png,Data/CVC-ClinicDB/images/187.png,Data/CVC-ClinicDB/masks/187.png,384,288,3,13123,110592,11.8661,Medium
188.png,Data/CVC-ClinicDB/images/188.png,Data/CVC-ClinicDB/masks/188.png,384,288,3,13230,110592,11.9629,Medium
189.png,Data/CVC-ClinicDB/images/189.png,Data/CVC-ClinicDB/masks/189.png,384,288,3,5153,110592,4.6595,Small
19.png,Data/CVC-ClinicDB/images/19.png,Data/CVC-ClinicDB/masks/19.png,384,288,3,18092,110592,16.3592,Medium
190.png,Data/CVC-ClinicDB/images/190.png,Data/CVC-ClinicDB/masks/190.png,384,288,3,3382,110592,3.0581,Small
191.png,Data/CVC-ClinicDB/images/191.png,Data/CVC-ClinicDB/masks/191.png,384,288,3,1267,110592,1.1457,Small
192.png,Data/CVC-ClinicDB/images/192.png,Data/CVC-ClinicDB/masks/192.png,384,288,3,1441,110592,1.303,Small
193.png,Data/CVC-ClinicDB/images/193.png,Data/CVC-ClinicDB/masks/193.png,384,288,3,2368,110592,2.1412,Small
194.png,Data/CVC-ClinicDB/images/194.png,Data/CVC-ClinicDB/masks/194.png,384,288,3,4791,110592,4.3321,Small
195.png,Data/CVC-ClinicDB/images/195.png,Data/CVC-ClinicDB/masks/195.png,384,288,3,4349,110592,3.9325,Small
196.png,Data/CVC-ClinicDB/images/196.png,Data/CVC-ClinicDB/masks/196.png,384,288,3,4381,110592,3.9614,Small
197.png,Data/CVC-ClinicDB/images/197.png,Data/CVC-ClinicDB/masks/197.png,384,288,3,4713,110592,4.2616,Small
198.png,Data/CVC-ClinicDB/images/198.png,Data/CVC-ClinicDB/masks/198.png,384,288,3,4463,110592,4.0356,Small
199.png,Data/CVC-ClinicDB/images/199.png,Data/CVC-ClinicDB/masks/199.png,384,288,3,4370,110592,3.9515,Small
2.png,Data/CVC-ClinicDB/images/2.png,Data/CVC-ClinicDB/masks/2.png,384,288,3,20532,110592,18.5655,Medium
20.png,Data/CVC-ClinicDB/images/20.png,Data/CVC-ClinicDB/masks/20.png,384,288,3,18086,110592,16.3538,Medium
200.png,Data/CVC-ClinicDB/images/200.png,Data/CVC-ClinicDB/masks/200.png,384,288,3,5819,110592,5.2617,Medium
201.png,Data/CVC-ClinicDB/images/201.png,Data/CVC-ClinicDB/masks/201.png,384,288,3,5891,110592,5.3268,Medium
202.png,Data/CVC-ClinicDB/images/202.png,Data/CVC-ClinicDB/masks/202.png,384,288,3,5457,110592,4.9344,Small
203.png,Data/CVC-ClinicDB/images/203.png,Data/CVC-ClinicDB/masks/203.png,384,288,3,4994,110592,4.5157,Small
204.png,Data/CVC-ClinicDB/images/204.png,Data/CVC-ClinicDB/masks/204.png,384,288,3,3519,110592,3.182,Small
205.png,Data/CVC-ClinicDB/images/205.png,Data/CVC-ClinicDB/masks/205.png,384,288,3,3027,110592,2.7371,Small
206.png,Data/CVC-ClinicDB/images/206.png,Data/CVC-ClinicDB/masks/206.png,384,288,3,8644,110592,7.8161,Medium
207.png,Data/CVC-ClinicDB/images/207.png,Data/CVC-ClinicDB/masks/207.png,384,288,3,8722,110592,7.8866,Medium
208.png,Data/CVC-ClinicDB/images/208.png,Data/CVC-ClinicDB/masks/208.png,384,288,3,4154,110592,3.7561,Small
209.png,Data/CVC-ClinicDB/images/209.png,Data/CVC-ClinicDB/masks/209.png,384,288,3,2830,110592,2.559,Small
21.png,Data/CVC-ClinicDB/images/21.png,Data/CVC-ClinicDB/masks/21.png,384,288,3,29873,110592,27.0119,Large
210.png,Data/CVC-ClinicDB/images/210.png,Data/CVC-ClinicDB/masks/210.png,384,288,3,28064,110592,25.3762,Large
211.png,Data/CVC-ClinicDB/images/211.png,Data/CVC-ClinicDB/masks/211.png,384,288,3,21724,110592,19.6434,Medium
212.png,Data/CVC-ClinicDB/images/212.png,Data/CVC-ClinicDB/masks/212.png,384,288,3,17050,110592,15.417,Medium
213.png,Data/CVC-ClinicDB/images/213.png,Data/CVC-ClinicDB/masks/213.png,384,288,3,16194,110592,14.643,Medium
214.png,Data/CVC-ClinicDB/images/214.png,Data/CVC-ClinicDB/masks/214.png,384,288,3,10614,110592,9.5974,Medium
215.png,Data/CVC-ClinicDB/images/215.png,Data/CVC-ClinicDB/masks/215.png,384,288,3,10240,110592,9.2593,Medium
216.png,Data/CVC-ClinicDB/images/216.png,Data/CVC-ClinicDB/masks/216.png,384,288,3,12285,110592,11.1084,Medium
217.png,Data/CVC-ClinicDB/images/217.png,Data/CVC-ClinicDB/masks/217.png,384,288,3,11071,110592,10.0107,Medium
218.png,Data/CVC-ClinicDB/images/218.png,Data/CVC-ClinicDB/masks/218.png,384,288,3,8619,110592,7.7935,Medium
219.png,Data/CVC-ClinicDB/images/219.png,Data/CVC-ClinicDB/masks/219.png,384,288,3,7059,110592,6.3829,Medium
22.png,Data/CVC-ClinicDB/images/22.png,Data/CVC-ClinicDB/masks/22.png,384,288,3,53593,110592,48.4601,Large
220.png,Data/CVC-ClinicDB/images/220.png,Data/CVC-ClinicDB/masks/220.png,384,288,3,4939,110592,4.466,Small
221.png,Data/CVC-ClinicDB/images/221.png,Data/CVC-ClinicDB/masks/221.png,384,288,3,4055,110592,3.6666,Small
222.png,Data/CVC-ClinicDB/images/222.png,Data/CVC-ClinicDB/masks/222.png,384,288,3,3450,110592,3.1196,Small
223.png,Data/CVC-ClinicDB/images/223.png,Data/CVC-ClinicDB/masks/223.png,384,288,3,3348,110592,3.0273,Small
224.png,Data/CVC-ClinicDB/images/224.png,Data/CVC-ClinicDB/masks/224.png,384,288,3,2680,110592,2.4233,Small
225.png,Data/CVC-ClinicDB/images/225.png,Data/CVC-ClinicDB/masks/225.png,384,288,3,3343,110592,3.0228,Small
226.png,Data/CVC-ClinicDB/images/226.png,Data/CVC-ClinicDB/masks/226.png,384,288,3,5227,110592,4.7264,Small
227.png,Data/CVC-ClinicDB/images/227.png,Data/CVC-ClinicDB/masks/227.png,384,288,3,3005,110592,2.7172,Small
228.png,Data/CVC-ClinicDB/images/228.png,Data/CVC-ClinicDB/masks/228.png,384,288,3,8445,110592,7.6362,Medium
229.png,Data/CVC-ClinicDB/images/229.png,Data/CVC-ClinicDB/masks/229.png,384,288,3,8445,110592,7.6362,Medium
23.png,Data/CVC-ClinicDB/images/23.png,Data/CVC-ClinicDB/masks/23.png,384,288,3,26915,110592,24.3372,Large
230.png,Data/CVC-ClinicDB/images/230.png,Data/CVC-ClinicDB/masks/230.png,384,288,3,22231,110592,20.1018,Large
231.png,Data/CVC-ClinicDB/images/231.png,Data/CVC-ClinicDB/masks/231.png,384,288,3,19212,110592,17.372,Medium
232.png,Data/CVC-ClinicDB/images/232.png,Data/CVC-ClinicDB/masks/232.png,384,288,3,17871,110592,16.1594,Medium
233.png,Data/CVC-ClinicDB/images/233.png,Data/CVC-ClinicDB/masks/233.png,384,288,3,18324,110592,16.569,Medium
234.png,Data/CVC-ClinicDB/images/234.png,Data/CVC-ClinicDB/masks/234.png,384,288,3,16173,110592,14.624,Medium
235.png,Data/CVC-ClinicDB/images/235.png,Data/CVC-ClinicDB/masks/235.png,384,288,3,14277,110592,12.9096,Medium
236.png,Data/CVC-ClinicDB/images/236.png,Data/CVC-ClinicDB/masks/236.png,384,288,3,11581,110592,10.4718,Medium
237.png,Data/CVC-ClinicDB/images/237.png,Data/CVC-ClinicDB/masks/237.png,384,288,3,13789,110592,12.4684,Medium
238.png,Data/CVC-ClinicDB/images/238.png,Data/CVC-ClinicDB/masks/238.png,384,288,3,13183,110592,11.9204,Medium
239.png,Data/CVC-ClinicDB/images/239.png,Data/CVC-ClinicDB/masks/239.png,384,288,3,13293,110592,12.0199,Medium
24.png,Data/CVC-ClinicDB/images/24.png,Data/CVC-ClinicDB/masks/24.png,384,288,3,22692,110592,20.5187,Large
240.png,Data/CVC-ClinicDB/images/240.png,Data/CVC-ClinicDB/masks/240.png,384,288,3,12643,110592,11.4321,Medium
241.png,Data/CVC-ClinicDB/images/241.png,Data/CVC-ClinicDB/masks/241.png,384,288,3,13920,110592,12.5868,Medium
242.png,Data/CVC-ClinicDB/images/242.png,Data/CVC-ClinicDB/masks/242.png,384,288,3,13155,110592,11.8951,Medium
243.png,Data/CVC-ClinicDB/images/243.png,Data/CVC-ClinicDB/masks/243.png,384,288,3,10134,110592,9.1634,Medium
244.png,Data/CVC-ClinicDB/images/244.png,Data/CVC-ClinicDB/masks/244.png,384,288,3,9414,110592,8.5124,Medium
245.png,Data/CVC-ClinicDB/images/245.png,Data/CVC-ClinicDB/masks/245.png,384,288,3,7863,110592,7.1099,Medium
246.png,Data/CVC-ClinicDB/images/246.png,Data/CVC-ClinicDB/masks/246.png,384,288,3,12300,110592,11.122,Medium
247.png,Data/CVC-ClinicDB/images/247.png,Data/CVC-ClinicDB/masks/247.png,384,288,3,15002,110592,13.5652,Medium
248.png,Data/CVC-ClinicDB/images/248.png,Data/CVC-ClinicDB/masks/248.png,384,288,3,13368,110592,12.0877,Medium
249.png,Data/CVC-ClinicDB/images/249.png,Data/CVC-ClinicDB/masks/249.png,384,288,3,10674,110592,9.6517,Medium
25.png,Data/CVC-ClinicDB/images/25.png,Data/CVC-ClinicDB/masks/25.png,384,288,3,50740,110592,45.8804,Large
250.png,Data/CVC-ClinicDB/images/250.png,Data/CVC-ClinicDB/masks/250.png,384,288,3,10176,110592,9.2014,Medium
251.png,Data/CVC-ClinicDB/images/251.png,Data/CVC-ClinicDB/masks/251.png,384,288,3,7983,110592,7.2184,Medium
252.png,Data/CVC-ClinicDB/images/252.png,Data/CVC-ClinicDB/masks/252.png,384,288,3,11345,110592,10.2584,Medium
253.png,Data/CVC-ClinicDB/images/253.png,Data/CVC-ClinicDB/masks/253.png,384,288,3,24680,110592,22.3163,Large
254.png,Data/CVC-ClinicDB/images/254.png,Data/CVC-ClinicDB/masks/254.png,384,288,3,23452,110592,21.2059,Large
255.png,Data/CVC-ClinicDB/images/255.png,Data/CVC-ClinicDB/masks/255.png,384,288,3,21148,110592,19.1225,Medium
256.png,Data/CVC-ClinicDB/images/256.png,Data/CVC-ClinicDB/masks/256.png,384,288,3,22484,110592,20.3306,Large
257.png,Data/CVC-ClinicDB/images/257.png,Data/CVC-ClinicDB/masks/257.png,384,288,3,26837,110592,24.2667,Large
258.png,Data/CVC-ClinicDB/images/258.png,Data/CVC-ClinicDB/masks/258.png,384,288,3,23733,110592,21.46,Large
259.png,Data/CVC-ClinicDB/images/259.png,Data/CVC-ClinicDB/masks/259.png,384,288,3,24281,110592,21.9555,Large
26.png,Data/CVC-ClinicDB/images/26.png,Data/CVC-ClinicDB/masks/26.png,384,288,3,1458,110592,1.3184,Small
260.png,Data/CVC-ClinicDB/images/260.png,Data/CVC-ClinicDB/masks/260.png,384,288,3,23970,110592,21.6743,Large
261.png,Data/CVC-ClinicDB/images/261.png,Data/CVC-ClinicDB/masks/261.png,384,288,3,21448,110592,19.3938,Medium
262.png,Data/CVC-ClinicDB/images/262.png,Data/CVC-ClinicDB/masks/262.png,384,288,3,15162,110592,13.7099,Medium
263.png,Data/CVC-ClinicDB/images/263.png,Data/CVC-ClinicDB/masks/263.png,384,288,3,11311,110592,10.2277,Medium
264.png,Data/CVC-ClinicDB/images/264.png,Data/CVC-ClinicDB/masks/264.png,384,288,3,25352,110592,22.9239,Large
265.png,Data/CVC-ClinicDB/images/265.png,Data/CVC-ClinicDB/masks/265.png,384,288,3,25575,110592,23.1255,Large
266.png,Data/CVC-ClinicDB/images/266.png,Data/CVC-ClinicDB/masks/266.png,384,288,3,26697,110592,24.1401,Large
267.png,Data/CVC-ClinicDB/images/267.png,Data/CVC-ClinicDB/masks/267.png,384,288,3,19120,110592,17.2888,Medium
268.png,Data/CVC-ClinicDB/images/268.png,Data/CVC-ClinicDB/masks/268.png,384,288,3,24760,110592,22.3886,Large
269.png,Data/CVC-ClinicDB/images/269.png,Data/CVC-ClinicDB/masks/269.png,384,288,3,18086,110592,16.3538,Medium
27.png,Data/CVC-ClinicDB/images/27.png,Data/CVC-ClinicDB/masks/27.png,384,288,3,1490,110592,1.3473,Small
270.png,Data/CVC-ClinicDB/images/270.png,Data/CVC-ClinicDB/masks/270.png,384,288,3,21210,110592,19.1786,Medium
271.png,Data/CVC-ClinicDB/images/271.png,Data/CVC-ClinicDB/masks/271.png,384,288,3,29453,110592,26.6321,Large
272.png,Data/CVC-ClinicDB/images/272.png,Data/CVC-ClinicDB/masks/272.png,384,288,3,35211,110592,31.8387,Large
273.png,Data/CVC-ClinicDB/images/273.png,Data/CVC-ClinicDB/masks/273.png,384,288,3,30893,110592,27.9342,Large
274.png,Data/CVC-ClinicDB/images/274.png,Data/CVC-ClinicDB/masks/274.png,384,288,3,32509,110592,29.3954,Large
275.png,Data/CVC-ClinicDB/images/275.png,Data/CVC-ClinicDB/masks/275.png,384,288,3,25966,110592,23.4791,Large
276.png,Data/CVC-ClinicDB/images/276.png,Data/CVC-ClinicDB/masks/276.png,384,288,3,22053,110592,19.9409,Medium
277.png,Data/CVC-ClinicDB/images/277.png,Data/CVC-ClinicDB/masks/277.png,384,288,3,15201,110592,13.7451,Medium
278.png,Data/CVC-ClinicDB/images/278.png,Data/CVC-ClinicDB/masks/278.png,384,288,3,2375,110592,2.1475,Small
279.png,Data/CVC-ClinicDB/images/279.png,Data/CVC-ClinicDB/masks/279.png,384,288,3,2740,110592,2.4776,Small
28.png,Data/CVC-ClinicDB/images/28.png,Data/CVC-ClinicDB/masks/28.png,384,288,3,3683,110592,3.3303,Small
280.png,Data/CVC-ClinicDB/images/280.png,Data/CVC-ClinicDB/masks/280.png,384,288,3,3184,110592,2.8791,Small
281.png,Data/CVC-ClinicDB/images/281.png,Data/CVC-ClinicDB/masks/281.png,384,288,3,3652,110592,3.3022,Small
282.png,Data/CVC-ClinicDB/images/282.png,Data/CVC-ClinicDB/masks/282.png,384,288,3,4098,110592,3.7055,Small
283.png,Data/CVC-ClinicDB/images/283.png,Data/CVC-ClinicDB/masks/283.png,384,288,3,4068,110592,3.6784,Small
284.png,Data/CVC-ClinicDB/images/284.png,Data/CVC-ClinicDB/masks/284.png,384,288,3,3089,110592,2.7931,Small
285.png,Data/CVC-ClinicDB/images/285.png,Data/CVC-ClinicDB/masks/285.png,384,288,3,3393,110592,3.068,Small
286.png,Data/CVC-ClinicDB/images/286.png,Data/CVC-ClinicDB/masks/286.png,384,288,3,3726,110592,3.3691,Small
287.png,Data/CVC-ClinicDB/images/287.png,Data/CVC-ClinicDB/masks/287.png,384,288,3,3507,110592,3.1711,Small
288.png,Data/CVC-ClinicDB/images/288.png,Data/CVC-ClinicDB/masks/288.png,384,288,3,3708,110592,3.3529,Small
289.png,Data/CVC-ClinicDB/images/289.png,Data/CVC-ClinicDB/masks/289.png,384,288,3,3243,110592,2.9324,Small
29.png,Data/CVC-ClinicDB/images/29.png,Data/CVC-ClinicDB/masks/29.png,384,288,3,4432,110592,4.0075,Small
290.png,Data/CVC-ClinicDB/images/290.png,Data/CVC-ClinicDB/masks/290.png,384,288,3,1888,110592,1.7072,Small
291.png,Data/CVC-ClinicDB/images/291.png,Data/CVC-ClinicDB/masks/291.png,384,288,3,1651,110592,1.4929,Small
292.png,Data/CVC-ClinicDB/images/292.png,Data/CVC-ClinicDB/masks/292.png,384,288,3,2409,110592,2.1783,Small
293.png,Data/CVC-ClinicDB/images/293.png,Data/CVC-ClinicDB/masks/293.png,384,288,3,3637,110592,3.2887,Small
294.png,Data/CVC-ClinicDB/images/294.png,Data/CVC-ClinicDB/masks/294.png,384,288,3,3793,110592,3.4297,Small
295.png,Data/CVC-ClinicDB/images/295.png,Data/CVC-ClinicDB/masks/295.png,384,288,3,3570,110592,3.2281,Small
296.png,Data/CVC-ClinicDB/images/296.png,Data/CVC-ClinicDB/masks/296.png,384,288,3,2739,110592,2.4767,Small
297.png,Data/CVC-ClinicDB/images/297.png,Data/CVC-ClinicDB/masks/297.png,384,288,3,2831,110592,2.5599,Small
298.png,Data/CVC-ClinicDB/images/298.png,Data/CVC-ClinicDB/masks/298.png,384,288,3,6777,110592,6.1279,Medium
299.png,Data/CVC-ClinicDB/images/299.png,Data/CVC-ClinicDB/masks/299.png,384,288,3,3293,110592,2.9776,Small
3.png,Data/CVC-ClinicDB/images/3.png,Data/CVC-ClinicDB/masks/3.png,384,288,3,19996,110592,18.0809,Medium
30.png,Data/CVC-ClinicDB/images/30.png,Data/CVC-ClinicDB/masks/30.png,384,288,3,9030,110592,8.1651,Medium
300.png,Data/CVC-ClinicDB/images/300.png,Data/CVC-ClinicDB/masks/300.png,384,288,3,8355,110592,7.5548,Medium
301.png,Data/CVC-ClinicDB/images/301.png,Data/CVC-ClinicDB/masks/301.png,384,288,3,5988,110592,5.4145,Medium
302.png,Data/CVC-ClinicDB/images/302.png,Data/CVC-ClinicDB/masks/302.png,384,288,3,8882,110592,8.0313,Medium
303.png,Data/CVC-ClinicDB/images/303.png,Data/CVC-ClinicDB/masks/303.png,384,288,3,10425,110592,9.4265,Medium
304.png,Data/CVC-ClinicDB/images/304.png,Data/CVC-ClinicDB/masks/304.png,384,288,3,9730,110592,8.7981,Medium
305.png,Data/CVC-ClinicDB/images/305.png,Data/CVC-ClinicDB/masks/305.png,384,288,3,14312,110592,12.9413,Medium
306.png,Data/CVC-ClinicDB/images/306.png,Data/CVC-ClinicDB/masks/306.png,384,288,3,25729,110592,23.2648,Large
307.png,Data/CVC-ClinicDB/images/307.png,Data/CVC-ClinicDB/masks/307.png,384,288,3,11026,110592,9.97,Medium
308.png,Data/CVC-ClinicDB/images/308.png,Data/CVC-ClinicDB/masks/308.png,384,288,3,11526,110592,10.4221,Medium
309.png,Data/CVC-ClinicDB/images/309.png,Data/CVC-ClinicDB/masks/309.png,384,288,3,5168,110592,4.673,Small
31.png,Data/CVC-ClinicDB/images/31.png,Data/CVC-ClinicDB/masks/31.png,384,288,3,8349,110592,7.5494,Medium
310.png,Data/CVC-ClinicDB/images/310.png,Data/CVC-ClinicDB/masks/310.png,384,288,3,2540,110592,2.2967,Small
311.png,Data/CVC-ClinicDB/images/311.png,Data/CVC-ClinicDB/masks/311.png,384,288,3,2869,110592,2.5942,Small
312.png,Data/CVC-ClinicDB/images/312.png,Data/CVC-ClinicDB/masks/312.png,384,288,3,1277,110592,1.1547,Small
313.png,Data/CVC-ClinicDB/images/313.png,Data/CVC-ClinicDB/masks/313.png,384,288,3,6655,110592,6.0176,Medium
314.png,Data/CVC-ClinicDB/images/314.png,Data/CVC-ClinicDB/masks/314.png,384,288,3,8655,110592,7.8261,Medium
315.png,Data/CVC-ClinicDB/images/315.png,Data/CVC-ClinicDB/masks/315.png,384,288,3,20111,110592,18.1849,Medium
316.png,Data/CVC-ClinicDB/images/316.png,Data/CVC-ClinicDB/masks/316.png,384,288,3,31831,110592,28.7824,Large
317.png,Data/CVC-ClinicDB/images/317.png,Data/CVC-ClinicDB/masks/317.png,384,288,3,15988,110592,14.4567,Medium
318.png,Data/CVC-ClinicDB/images/318.png,Data/CVC-ClinicDB/masks/318.png,384,288,3,2410,110592,2.1792,Small
319.png,Data/CVC-ClinicDB/images/319.png,Data/CVC-ClinicDB/masks/319.png,384,288,3,2747,110592,2.4839,Small
32.png,Data/CVC-ClinicDB/images/32.png,Data/CVC-ClinicDB/masks/32.png,384,288,3,9549,110592,8.6344,Medium
320.png,Data/CVC-ClinicDB/images/320.png,Data/CVC-ClinicDB/masks/320.png,384,288,3,4322,110592,3.9081,Small
321.png,Data/CVC-ClinicDB/images/321.png,Data/CVC-ClinicDB/masks/321.png,384,288,3,5984,110592,5.4109,Medium
322.png,Data/CVC-ClinicDB/images/322.png,Data/CVC-ClinicDB/masks/322.png,384,288,3,8072,110592,7.2989,Medium
323.png,Data/CVC-ClinicDB/images/323.png,Data/CVC-ClinicDB/masks/323.png,384,288,3,9874,110592,8.9283,Medium
324.png,Data/CVC-ClinicDB/images/324.png,Data/CVC-ClinicDB/masks/324.png,384,288,3,6400,110592,5.787,Medium
325.png,Data/CVC-ClinicDB/images/325.png,Data/CVC-ClinicDB/masks/325.png,384,288,3,4551,110592,4.1151,Small
326.png,Data/CVC-ClinicDB/images/326.png,Data/CVC-ClinicDB/masks/326.png,384,288,3,4029,110592,3.6431,Small
327.png,Data/CVC-ClinicDB/images/327.png,Data/CVC-ClinicDB/masks/327.png,384,288,3,3491,110592,3.1566,Small
328.png,Data/CVC-ClinicDB/images/328.png,Data/CVC-ClinicDB/masks/328.png,384,288,3,4368,110592,3.9497,Small
329.png,Data/CVC-ClinicDB/images/329.png,Data/CVC-ClinicDB/masks/329.png,384,288,3,4611,110592,4.1694,Small
33.png,Data/CVC-ClinicDB/images/33.png,Data/CVC-ClinicDB/masks/33.png,384,288,3,11217,110592,10.1427,Medium
330.png,Data/CVC-ClinicDB/images/330.png,Data/CVC-ClinicDB/masks/330.png,384,288,3,5850,110592,5.2897,Medium
331.png,Data/CVC-ClinicDB/images/331.png,Data/CVC-ClinicDB/masks/331.png,384,288,3,7736,110592,6.9951,Medium
332.png,Data/CVC-ClinicDB/images/332.png,Data/CVC-ClinicDB/masks/332.png,384,288,3,5690,110592,5.145,Medium
333.png,Data/CVC-ClinicDB/images/333.png,Data/CVC-ClinicDB/masks/333.png,384,288,3,5126,110592,4.6351,Small
334.png,Data/CVC-ClinicDB/images/334.png,Data/CVC-ClinicDB/masks/334.png,384,288,3,5510,110592,4.9823,Small
335.png,Data/CVC-ClinicDB/images/335.png,Data/CVC-ClinicDB/masks/335.png,384,288,3,5878,110592,5.315,Medium
336.png,Data/CVC-ClinicDB/images/336.png,Data/CVC-ClinicDB/masks/336.png,384,288,3,5336,110592,4.8249,Small
337.png,Data/CVC-ClinicDB/images/337.png,Data/CVC-ClinicDB/masks/337.png,384,288,3,5795,110592,5.24,Medium
338.png,Data/CVC-ClinicDB/images/338.png,Data/CVC-ClinicDB/masks/338.png,384,288,3,12965,110592,11.7233,Medium
339.png,Data/CVC-ClinicDB/images/339.png,Data/CVC-ClinicDB/masks/339.png,384,288,3,3055,110592,2.7624,Small
34.png,Data/CVC-ClinicDB/images/34.png,Data/CVC-ClinicDB/masks/34.png,384,288,3,6577,110592,5.9471,Medium
340.png,Data/CVC-ClinicDB/images/340.png,Data/CVC-ClinicDB/masks/340.png,384,288,3,1870,110592,1.6909,Small
341.png,Data/CVC-ClinicDB/images/341.png,Data/CVC-ClinicDB/masks/341.png,384,288,3,2419,110592,2.1873,Small
342.png,Data/CVC-ClinicDB/images/342.png,Data/CVC-ClinicDB/masks/342.png,384,288,3,7980,110592,7.2157,Medium
343.png,Data/CVC-ClinicDB/images/343.png,Data/CVC-ClinicDB/masks/343.png,384,288,3,7360,110592,6.6551,Medium
344.png,Data/CVC-ClinicDB/images/344.png,Data/CVC-ClinicDB/masks/344.png,384,288,3,13632,110592,12.3264,Medium
345.png,Data/CVC-ClinicDB/images/345.png,Data/CVC-ClinicDB/masks/345.png,384,288,3,12714,110592,11.4963,Medium
346.png,Data/CVC-ClinicDB/images/346.png,Data/CVC-ClinicDB/masks/346.png,384,288,3,3863,110592,3.493,Small
347.png,Data/CVC-ClinicDB/images/347.png,Data/CVC-ClinicDB/masks/347.png,384,288,3,5019,110592,4.5383,Small
348.png,Data/CVC-ClinicDB/images/348.png,Data/CVC-ClinicDB/masks/348.png,384,288,3,23021,110592,20.8162,Large
349.png,Data/CVC-ClinicDB/images/349.png,Data/CVC-ClinicDB/masks/349.png,384,288,3,23718,110592,21.4464,Large
35.png,Data/CVC-ClinicDB/images/35.png,Data/CVC-ClinicDB/masks/35.png,384,288,3,7210,110592,6.5195,Medium
350.png,Data/CVC-ClinicDB/images/350.png,Data/CVC-ClinicDB/masks/350.png,384,288,3,13923,110592,12.5895,Medium
351.png,Data/CVC-ClinicDB/images/351.png,Data/CVC-ClinicDB/masks/351.png,384,288,3,4183,110592,3.7824,Small
352.png,Data/CVC-ClinicDB/images/352.png,Data/CVC-ClinicDB/masks/352.png,384,288,3,4068,110592,3.6784,Small
353.png,Data/CVC-ClinicDB/images/353.png,Data/CVC-ClinicDB/masks/353.png,384,288,3,7932,110592,7.1723,Medium
354.png,Data/CVC-ClinicDB/images/354.png,Data/CVC-ClinicDB/masks/354.png,384,288,3,7693,110592,6.9562,Medium
355.png,Data/CVC-ClinicDB/images/355.png,Data/CVC-ClinicDB/masks/355.png,384,288,3,9833,110592,8.8912,Medium
356.png,Data/CVC-ClinicDB/images/356.png,Data/CVC-ClinicDB/masks/356.png,384,288,3,9753,110592,8.8189,Medium
357.png,Data/CVC-ClinicDB/images/357.png,Data/CVC-ClinicDB/masks/357.png,384,288,3,21356,110592,19.3106,Medium
358.png,Data/CVC-ClinicDB/images/358.png,Data/CVC-ClinicDB/masks/358.png,384,288,3,8805,110592,7.9617,Medium
359.png,Data/CVC-ClinicDB/images/359.png,Data/CVC-ClinicDB/masks/359.png,384,288,3,11308,110592,10.225,Medium
36.png,Data/CVC-ClinicDB/images/36.png,Data/CVC-ClinicDB/masks/36.png,384,288,3,3984,110592,3.6024,Small
360.png,Data/CVC-ClinicDB/images/360.png,Data/CVC-ClinicDB/masks/360.png,384,288,3,13409,110592,12.1247,Medium
361.png,Data/CVC-ClinicDB/images/361.png,Data/CVC-ClinicDB/masks/361.png,384,288,3,11006,110592,9.9519,Medium
362.png,Data/CVC-ClinicDB/images/362.png,Data/CVC-ClinicDB/masks/362.png,384,288,3,9043,110592,8.1769,Medium
363.png,Data/CVC-ClinicDB/images/363.png,Data/CVC-ClinicDB/masks/363.png,384,288,3,1455,110592,1.3156,Small
364.png,Data/CVC-ClinicDB/images/364.png,Data/CVC-ClinicDB/masks/364.png,384,288,3,2359,110592,2.1331,Small
365.png,Data/CVC-ClinicDB/images/365.png,Data/CVC-ClinicDB/masks/365.png,384,288,3,1987,110592,1.7967,Small
366.png,Data/CVC-ClinicDB/images/366.png,Data/CVC-ClinicDB/masks/366.png,384,288,3,1969,110592,1.7804,Small
367.png,Data/CVC-ClinicDB/images/367.png,Data/CVC-ClinicDB/masks/367.png,384,288,3,2244,110592,2.0291,Small
368.png,Data/CVC-ClinicDB/images/368.png,Data/CVC-ClinicDB/masks/368.png,384,288,3,2064,110592,1.8663,Small
369.png,Data/CVC-ClinicDB/images/369.png,Data/CVC-ClinicDB/masks/369.png,384,288,3,1678,110592,1.5173,Small
37.png,Data/CVC-ClinicDB/images/37.png,Data/CVC-ClinicDB/masks/37.png,384,288,3,7907,110592,7.1497,Medium
370.png,Data/CVC-ClinicDB/images/370.png,Data/CVC-ClinicDB/masks/370.png,384,288,3,1613,110592,1.4585,Small
371.png,Data/CVC-ClinicDB/images/371.png,Data/CVC-ClinicDB/masks/371.png,384,288,3,1092,110592,0.9874,Small
372.png,Data/CVC-ClinicDB/images/372.png,Data/CVC-ClinicDB/masks/372.png,384,288,3,1008,110592,0.9115,Small
373.png,Data/CVC-ClinicDB/images/373.png,Data/CVC-ClinicDB/masks/373.png,384,288,3,1060,110592,0.9585,Small
374.png,Data/CVC-ClinicDB/images/374.png,Data/CVC-ClinicDB/masks/374.png,384,288,3,1298,110592,1.1737,Small
375.png,Data/CVC-ClinicDB/images/375.png,Data/CVC-ClinicDB/masks/375.png,384,288,3,953,110592,0.8617,Small
376.png,Data/CVC-ClinicDB/images/376.png,Data/CVC-ClinicDB/masks/376.png,384,288,3,2587,110592,2.3392,Small
377.png,Data/CVC-ClinicDB/images/377.png,Data/CVC-ClinicDB/masks/377.png,384,288,3,2176,110592,1.9676,Small
378.png,Data/CVC-ClinicDB/images/378.png,Data/CVC-ClinicDB/masks/378.png,384,288,3,1898,110592,1.7162,Small
379.png,Data/CVC-ClinicDB/images/379.png,Data/CVC-ClinicDB/masks/379.png,384,288,3,1374,110592,1.2424,Small
38.png,Data/CVC-ClinicDB/images/38.png,Data/CVC-ClinicDB/masks/38.png,384,288,3,4607,110592,4.1658,Small
380.png,Data/CVC-ClinicDB/images/380.png,Data/CVC-ClinicDB/masks/380.png,384,288,3,1824,110592,1.6493,Small
381.png,Data/CVC-ClinicDB/images/381.png,Data/CVC-ClinicDB/masks/381.png,384,288,3,2684,110592,2.4269,Small
382.png,Data/CVC-ClinicDB/images/382.png,Data/CVC-ClinicDB/masks/382.png,384,288,3,3173,110592,2.8691,Small
383.png,Data/CVC-ClinicDB/images/383.png,Data/CVC-ClinicDB/masks/383.png,384,288,3,2947,110592,2.6647,Small
384.png,Data/CVC-ClinicDB/images/384.png,Data/CVC-ClinicDB/masks/384.png,384,288,3,29959,110592,27.0897,Large
385.png,Data/CVC-ClinicDB/images/385.png,Data/CVC-ClinicDB/masks/385.png,384,288,3,26189,110592,23.6807,Large
386.png,Data/CVC-ClinicDB/images/386.png,Data/CVC-ClinicDB/masks/386.png,384,288,3,28236,110592,25.5317,Large
387.png,Data/CVC-ClinicDB/images/387.png,Data/CVC-ClinicDB/masks/387.png,384,288,3,27717,110592,25.0624,Large
388.png,Data/CVC-ClinicDB/images/388.png,Data/CVC-ClinicDB/masks/388.png,384,288,3,25647,110592,23.1906,Large
389.png,Data/CVC-ClinicDB/images/389.png,Data/CVC-ClinicDB/masks/389.png,384,288,3,21404,110592,19.354,Medium
39.png,Data/CVC-ClinicDB/images/39.png,Data/CVC-ClinicDB/masks/39.png,384,288,3,4244,110592,3.8375,Small
390.png,Data/CVC-ClinicDB/images/390.png,Data/CVC-ClinicDB/masks/390.png,384,288,3,18146,110592,16.4081,Medium
391.png,Data/CVC-ClinicDB/images/391.png,Data/CVC-ClinicDB/masks/391.png,384,288,3,5398,110592,4.881,Small
392.png,Data/CVC-ClinicDB/images/392.png,Data/CVC-ClinicDB/masks/392.png,384,288,3,8254,110592,7.4635,Medium
393.png,Data/CVC-ClinicDB/images/393.png,Data/CVC-ClinicDB/masks/393.png,384,288,3,7465,110592,6.75,Medium
394.png,Data/CVC-ClinicDB/images/394.png,Data/CVC-ClinicDB/masks/394.png,384,288,3,7846,110592,7.0945,Medium
395.png,Data/CVC-ClinicDB/images/395.png,Data/CVC-ClinicDB/masks/395.png,384,288,3,11212,110592,10.1382,Medium
396.png,Data/CVC-ClinicDB/images/396.png,Data/CVC-ClinicDB/masks/396.png,384,288,3,11380,110592,10.2901,Medium
397.png,Data/CVC-ClinicDB/images/397.png,Data/CVC-ClinicDB/masks/397.png,384,288,3,14896,110592,13.4693,Medium
398.png,Data/CVC-ClinicDB/images/398.png,Data/CVC-ClinicDB/masks/398.png,384,288,3,18205,110592,16.4614,Medium
399.png,Data/CVC-ClinicDB/images/399.png,Data/CVC-ClinicDB/masks/399.png,384,288,3,11952,110592,10.8073,Medium
4.png,Data/CVC-ClinicDB/images/4.png,Data/CVC-ClinicDB/masks/4.png,384,288,3,21180,110592,19.1515,Medium
40.png,Data/CVC-ClinicDB/images/40.png,Data/CVC-ClinicDB/masks/40.png,384,288,3,7924,110592,7.1651,Medium
400.png,Data/CVC-ClinicDB/images/400.png,Data/CVC-ClinicDB/masks/400.png,384,288,3,6796,110592,6.1451,Medium
401.png,Data/CVC-ClinicDB/images/401.png,Data/CVC-ClinicDB/masks/401.png,384,288,3,9366,110592,8.469,Medium
402.png,Data/CVC-ClinicDB/images/402.png,Data/CVC-ClinicDB/masks/402.png,384,288,3,13992,110592,12.6519,Medium
403.png,Data/CVC-ClinicDB/images/403.png,Data/CVC-ClinicDB/masks/403.png,384,288,3,9436,110592,8.5323,Medium
404.png,Data/CVC-ClinicDB/images/404.png,Data/CVC-ClinicDB/masks/404.png,384,288,3,10879,110592,9.8371,Medium
405.png,Data/CVC-ClinicDB/images/405.png,Data/CVC-ClinicDB/masks/405.png,384,288,3,9051,110592,8.1841,Medium
406.png,Data/CVC-ClinicDB/images/406.png,Data/CVC-ClinicDB/masks/406.png,384,288,3,9657,110592,8.7321,Medium
407.png,Data/CVC-ClinicDB/images/407.png,Data/CVC-ClinicDB/masks/407.png,384,288,3,10814,110592,9.7783,Medium
408.png,Data/CVC-ClinicDB/images/408.png,Data/CVC-ClinicDB/masks/408.png,384,288,3,7963,110592,7.2003,Medium
409.png,Data/CVC-ClinicDB/images/409.png,Data/CVC-ClinicDB/masks/409.png,384,288,3,28687,110592,25.9395,Large
41.png,Data/CVC-ClinicDB/images/41.png,Data/CVC-ClinicDB/masks/41.png,384,288,3,4717,110592,4.2652,Small
410.png,Data/CVC-ClinicDB/images/410.png,Data/CVC-ClinicDB/masks/410.png,384,288,3,8883,110592,8.0322,Medium
411.png,Data/CVC-ClinicDB/images/411.png,Data/CVC-ClinicDB/masks/411.png,384,288,3,6430,110592,5.8142,Medium
412.png,Data/CVC-ClinicDB/images/412.png,Data/CVC-ClinicDB/masks/412.png,384,288,3,6847,110592,6.1912,Medium
413.png,Data/CVC-ClinicDB/images/413.png,Data/CVC-ClinicDB/masks/413.png,384,288,3,6787,110592,6.137,Medium
414.png,Data/CVC-ClinicDB/images/414.png,Data/CVC-ClinicDB/masks/414.png,384,288,3,31654,110592,28.6223,Large
415.png,Data/CVC-ClinicDB/images/415.png,Data/CVC-ClinicDB/masks/415.png,384,288,3,15425,110592,13.9477,Medium
416.png,Data/CVC-ClinicDB/images/416.png,Data/CVC-ClinicDB/masks/416.png,384,288,3,14349,110592,12.9747,Medium
417.png,Data/CVC-ClinicDB/images/417.png,Data/CVC-ClinicDB/masks/417.png,384,288,3,10305,110592,9.318,Medium
418.png,Data/CVC-ClinicDB/images/418.png,Data/CVC-ClinicDB/masks/418.png,384,288,3,5306,110592,4.7978,Small
419.png,Data/CVC-ClinicDB/images/419.png,Data/CVC-ClinicDB/masks/419.png,384,288,3,15118,110592,13.6701,Medium
42.png,Data/CVC-ClinicDB/images/42.png,Data/CVC-ClinicDB/masks/42.png,384,288,3,6873,110592,6.2147,Medium
420.png,Data/CVC-ClinicDB/images/420.png,Data/CVC-ClinicDB/masks/420.png,384,288,3,17949,110592,16.2299,Medium
421.png,Data/CVC-ClinicDB/images/421.png,Data/CVC-ClinicDB/masks/421.png,384,288,3,15335,110592,13.8663,Medium
422.png,Data/CVC-ClinicDB/images/422.png,Data/CVC-ClinicDB/masks/422.png,384,288,3,34386,110592,31.0927,Large
423.png,Data/CVC-ClinicDB/images/423.png,Data/CVC-ClinicDB/masks/423.png,384,288,3,16510,110592,14.9287,Medium
424.png,Data/CVC-ClinicDB/images/424.png,Data/CVC-ClinicDB/masks/424.png,384,288,3,2568,110592,2.322,Small
425.png,Data/CVC-ClinicDB/images/425.png,Data/CVC-ClinicDB/masks/425.png,384,288,3,2726,110592,2.4649,Small
426.png,Data/CVC-ClinicDB/images/426.png,Data/CVC-ClinicDB/masks/426.png,384,288,3,9630,110592,8.7077,Medium
427.png,Data/CVC-ClinicDB/images/427.png,Data/CVC-ClinicDB/masks/427.png,384,288,3,12402,110592,11.2142,Medium
428.png,Data/CVC-ClinicDB/images/428.png,Data/CVC-ClinicDB/masks/428.png,384,288,3,11181,110592,10.1101,Medium
429.png,Data/CVC-ClinicDB/images/429.png,Data/CVC-ClinicDB/masks/429.png,384,288,3,7673,110592,6.9381,Medium
43.png,Data/CVC-ClinicDB/images/43.png,Data/CVC-ClinicDB/masks/43.png,384,288,3,5532,110592,5.0022,Medium
430.png,Data/CVC-ClinicDB/images/430.png,Data/CVC-ClinicDB/masks/430.png,384,288,3,7237,110592,6.5439,Medium
431.png,Data/CVC-ClinicDB/images/431.png,Data/CVC-ClinicDB/masks/431.png,384,288,3,6314,110592,5.7093,Medium
432.png,Data/CVC-ClinicDB/images/432.png,Data/CVC-ClinicDB/masks/432.png,384,288,3,8914,110592,8.0603,Medium
433.png,Data/CVC-ClinicDB/images/433.png,Data/CVC-ClinicDB/masks/433.png,384,288,3,9286,110592,8.3966,Medium
434.png,Data/CVC-ClinicDB/images/434.png,Data/CVC-ClinicDB/masks/434.png,384,288,3,9966,110592,9.0115,Medium
435.png,Data/CVC-ClinicDB/images/435.png,Data/CVC-ClinicDB/masks/435.png,384,288,3,7774,110592,7.0294,Medium
436.png,Data/CVC-ClinicDB/images/436.png,Data/CVC-ClinicDB/masks/436.png,384,288,3,7401,110592,6.6922,Medium
437.png,Data/CVC-ClinicDB/images/437.png,Data/CVC-ClinicDB/masks/437.png,384,288,3,7269,110592,6.5728,Medium
438.png,Data/CVC-ClinicDB/images/438.png,Data/CVC-ClinicDB/masks/438.png,384,288,3,17055,110592,15.4215,Medium
439.png,Data/CVC-ClinicDB/images/439.png,Data/CVC-ClinicDB/masks/439.png,384,288,3,7604,110592,6.8757,Medium
44.png,Data/CVC-ClinicDB/images/44.png,Data/CVC-ClinicDB/masks/44.png,384,288,3,8775,110592,7.9346,Medium
440.png,Data/CVC-ClinicDB/images/440.png,Data/CVC-ClinicDB/masks/440.png,384,288,3,5907,110592,5.3413,Medium
441.png,Data/CVC-ClinicDB/images/441.png,Data/CVC-ClinicDB/masks/441.png,384,288,3,2453,110592,2.2181,Small
442.png,Data/CVC-ClinicDB/images/442.png,Data/CVC-ClinicDB/masks/442.png,384,288,3,4065,110592,3.6757,Small
443.png,Data/CVC-ClinicDB/images/443.png,Data/CVC-ClinicDB/masks/443.png,384,288,3,6323,110592,5.7174,Medium
444.png,Data/CVC-ClinicDB/images/444.png,Data/CVC-ClinicDB/masks/444.png,384,288,3,7374,110592,6.6678,Medium
445.png,Data/CVC-ClinicDB/images/445.png,Data/CVC-ClinicDB/masks/445.png,384,288,3,14110,110592,12.7586,Medium
446.png,Data/CVC-ClinicDB/images/446.png,Data/CVC-ClinicDB/masks/446.png,384,288,3,13201,110592,11.9367,Medium
447.png,Data/CVC-ClinicDB/images/447.png,Data/CVC-ClinicDB/masks/447.png,384,288,3,3045,110592,2.7534,Small
448.png,Data/CVC-ClinicDB/images/448.png,Data/CVC-ClinicDB/masks/448.png,384,288,3,6343,110592,5.7355,Medium
449.png,Data/CVC-ClinicDB/images/449.png,Data/CVC-ClinicDB/masks/449.png,384,288,3,4882,110592,4.4144,Small
45.png,Data/CVC-ClinicDB/images/45.png,Data/CVC-ClinicDB/masks/45.png,384,288,3,6285,110592,5.6831,Medium
450.png,Data/CVC-ClinicDB/images/450.png,Data/CVC-ClinicDB/masks/450.png,384,288,3,2759,110592,2.4948,Small
451.png,Data/CVC-ClinicDB/images/451.png,Data/CVC-ClinicDB/masks/451.png,384,288,3,2158,110592,1.9513,Small
452.png,Data/CVC-ClinicDB/images/452.png,Data/CVC-ClinicDB/masks/452.png,384,288,3,3682,110592,3.3294,Small
453.png,Data/CVC-ClinicDB/images/453.png,Data/CVC-ClinicDB/masks/453.png,384,288,3,4054,110592,3.6657,Small
454.png,Data/CVC-ClinicDB/images/454.png,Data/CVC-ClinicDB/masks/454.png,384,288,3,6497,110592,5.8747,Medium
455.png,Data/CVC-ClinicDB/images/455.png,Data/CVC-ClinicDB/masks/455.png,384,288,3,8402,110592,7.5973,Medium
456.png,Data/CVC-ClinicDB/images/456.png,Data/CVC-ClinicDB/masks/456.png,384,288,3,10900,110592,9.856,Medium
457.png,Data/CVC-ClinicDB/images/457.png,Data/CVC-ClinicDB/masks/457.png,384,288,3,9764,110592,8.8288,Medium
458.png,Data/CVC-ClinicDB/images/458.png,Data/CVC-ClinicDB/masks/458.png,384,288,3,4612,110592,4.1703,Small
459.png,Data/CVC-ClinicDB/images/459.png,Data/CVC-ClinicDB/masks/459.png,384,288,3,4190,110592,3.7887,Small
46.png,Data/CVC-ClinicDB/images/46.png,Data/CVC-ClinicDB/masks/46.png,384,288,3,6339,110592,5.7319,Medium
460.png,Data/CVC-ClinicDB/images/460.png,Data/CVC-ClinicDB/masks/460.png,384,288,3,5364,110592,4.8503,Small
461.png,Data/CVC-ClinicDB/images/461.png,Data/CVC-ClinicDB/masks/461.png,384,288,3,6585,110592,5.9543,Medium
462.png,Data/CVC-ClinicDB/images/462.png,Data/CVC-ClinicDB/masks/462.png,384,288,3,7591,110592,6.864,Medium
463.png,Data/CVC-ClinicDB/images/463.png,Data/CVC-ClinicDB/masks/463.png,384,288,3,11680,110592,10.5613,Medium
464.png,Data/CVC-ClinicDB/images/464.png,Data/CVC-ClinicDB/masks/464.png,384,288,3,8512,110592,7.6968,Medium
465.png,Data/CVC-ClinicDB/images/465.png,Data/CVC-ClinicDB/masks/465.png,384,288,3,12053,110592,10.8986,Medium
466.png,Data/CVC-ClinicDB/images/466.png,Data/CVC-ClinicDB/masks/466.png,384,288,3,11347,110592,10.2602,Medium
467.png,Data/CVC-ClinicDB/images/467.png,Data/CVC-ClinicDB/masks/467.png,384,288,3,9826,110592,8.8849,Medium
468.png,Data/CVC-ClinicDB/images/468.png,Data/CVC-ClinicDB/masks/468.png,384,288,3,11824,110592,10.6916,Medium
469.png,Data/CVC-ClinicDB/images/469.png,Data/CVC-ClinicDB/masks/469.png,384,288,3,13356,110592,12.0768,Medium
47.png,Data/CVC-ClinicDB/images/47.png,Data/CVC-ClinicDB/masks/47.png,384,288,3,10397,110592,9.4012,Medium
470.png,Data/CVC-ClinicDB/images/470.png,Data/CVC-ClinicDB/masks/470.png,384,288,3,9954,110592,9.0007,Medium
471.png,Data/CVC-ClinicDB/images/471.png,Data/CVC-ClinicDB/masks/471.png,384,288,3,21515,110592,19.4544,Medium
472.png,Data/CVC-ClinicDB/images/472.png,Data/CVC-ClinicDB/masks/472.png,384,288,3,22982,110592,20.7809,Large
473.png,Data/CVC-ClinicDB/images/473.png,Data/CVC-ClinicDB/masks/473.png,384,288,3,16813,110592,15.2027,Medium
474.png,Data/CVC-ClinicDB/images/474.png,Data/CVC-ClinicDB/masks/474.png,384,288,3,18848,110592,17.0428,Medium
475.png,Data/CVC-ClinicDB/images/475.png,Data/CVC-ClinicDB/masks/475.png,384,288,3,23771,110592,21.4943,Large
476.png,Data/CVC-ClinicDB/images/476.png,Data/CVC-ClinicDB/masks/476.png,384,288,3,19763,110592,17.8702,Medium
477.png,Data/CVC-ClinicDB/images/477.png,Data/CVC-ClinicDB/masks/477.png,384,288,3,19699,110592,17.8123,Medium
478.png,Data/CVC-ClinicDB/images/478.png,Data/CVC-ClinicDB/masks/478.png,384,288,3,22694,110592,20.5205,Large
479.png,Data/CVC-ClinicDB/images/479.png,Data/CVC-ClinicDB/masks/479.png,384,288,3,17316,110592,15.6576,Medium
48.png,Data/CVC-ClinicDB/images/48.png,Data/CVC-ClinicDB/masks/48.png,384,288,3,5046,110592,4.5627,Small
480.png,Data/CVC-ClinicDB/images/480.png,Data/CVC-ClinicDB/masks/480.png,384,288,3,15712,110592,14.2072,Medium
481.png,Data/CVC-ClinicDB/images/481.png,Data/CVC-ClinicDB/masks/481.png,384,288,3,15015,110592,13.5769,Medium
482.png,Data/CVC-ClinicDB/images/482.png,Data/CVC-ClinicDB/masks/482.png,384,288,3,21633,110592,19.5611,Medium
483.png,Data/CVC-ClinicDB/images/483.png,Data/CVC-ClinicDB/masks/483.png,384,288,3,22022,110592,19.9128,Medium
484.png,Data/CVC-ClinicDB/images/484.png,Data/CVC-ClinicDB/masks/484.png,384,288,3,18480,110592,16.7101,Medium
485.png,Data/CVC-ClinicDB/images/485.png,Data/CVC-ClinicDB/masks/485.png,384,288,3,14551,110592,13.1574,Medium
486.png,Data/CVC-ClinicDB/images/486.png,Data/CVC-ClinicDB/masks/486.png,384,288,3,5709,110592,5.1622,Medium
487.png,Data/CVC-ClinicDB/images/487.png,Data/CVC-ClinicDB/masks/487.png,384,288,3,11517,110592,10.414,Medium
488.png,Data/CVC-ClinicDB/images/488.png,Data/CVC-ClinicDB/masks/488.png,384,288,3,11974,110592,10.8272,Medium
489.png,Data/CVC-ClinicDB/images/489.png,Data/CVC-ClinicDB/masks/489.png,384,288,3,32065,110592,28.994,Large
49.png,Data/CVC-ClinicDB/images/49.png,Data/CVC-ClinicDB/masks/49.png,384,288,3,8882,110592,8.0313,Medium
490.png,Data/CVC-ClinicDB/images/490.png,Data/CVC-ClinicDB/masks/490.png,384,288,3,54148,110592,48.962,Large
491.png,Data/CVC-ClinicDB/images/491.png,Data/CVC-ClinicDB/masks/491.png,384,288,3,20733,110592,18.7473,Medium
492.png,Data/CVC-ClinicDB/images/492.png,Data/CVC-ClinicDB/masks/492.png,384,288,3,22665,110592,20.4942,Large
493.png,Data/CVC-ClinicDB/images/493.png,Data/CVC-ClinicDB/masks/493.png,384,288,3,20898,110592,18.8965,Medium
494.png,Data/CVC-ClinicDB/images/494.png,Data/CVC-ClinicDB/masks/494.png,384,288,3,17980,110592,16.258,Medium
495.png,Data/CVC-ClinicDB/images/495.png,Data/CVC-ClinicDB/masks/495.png,384,288,3,20607,110592,18.6334,Medium
496.png,Data/CVC-ClinicDB/images/496.png,Data/CVC-ClinicDB/masks/496.png,384,288,3,18881,110592,17.0727,Medium
497.png,Data/CVC-ClinicDB/images/497.png,Data/CVC-ClinicDB/masks/497.png,384,288,3,39545,110592,35.7576,Large
498.png,Data/CVC-ClinicDB/images/498.png,Data/CVC-ClinicDB/masks/498.png,384,288,3,28690,110592,25.9422,Large
499.png,Data/CVC-ClinicDB/images/499.png,Data/CVC-ClinicDB/masks/499.png,384,288,3,26694,110592,24.1374,Large
5.png,Data/CVC-ClinicDB/images/5.png,Data/CVC-ClinicDB/masks/5.png,384,288,3,18721,110592,16.928,Medium
50.png,Data/CVC-ClinicDB/images/50.png,Data/CVC-ClinicDB/masks/50.png,384,288,3,2944,110592,2.662,Small
500.png,Data/CVC-ClinicDB/images/500.png,Data/CVC-ClinicDB/masks/500.png,384,288,3,14733,110592,13.3219,Medium
501.png,Data/CVC-ClinicDB/images/501.png,Data/CVC-ClinicDB/masks/501.png,384,288,3,16924,110592,15.3031,Medium
502.png,Data/CVC-ClinicDB/images/502.png,Data/CVC-ClinicDB/masks/502.png,384,288,3,19603,110592,17.7255,Medium
503.png,Data/CVC-ClinicDB/images/503.png,Data/CVC-ClinicDB/masks/503.png,384,288,3,22955,110592,20.7565,Large
504.png,Data/CVC-ClinicDB/images/504.png,Data/CVC-ClinicDB/masks/504.png,384,288,3,10090,110592,9.1236,Medium
505.png,Data/CVC-ClinicDB/images/505.png,Data/CVC-ClinicDB/masks/505.png,384,288,3,15216,110592,13.7587,Medium
506.png,Data/CVC-ClinicDB/images/506.png,Data/CVC-ClinicDB/masks/506.png,384,288,3,44695,110592,40.4143,Large
507.png,Data/CVC-ClinicDB/images/507.png,Data/CVC-ClinicDB/masks/507.png,384,288,3,41092,110592,37.1564,Large
508.png,Data/CVC-ClinicDB/images/508.png,Data/CVC-ClinicDB/masks/508.png,384,288,3,16435,110592,14.8609,Medium
509.png,Data/CVC-ClinicDB/images/509.png,Data/CVC-ClinicDB/masks/509.png,384,288,3,12498,110592,11.301,Medium
51.png,Data/CVC-ClinicDB/images/51.png,Data/CVC-ClinicDB/masks/51.png,384,288,3,1081,110592,0.9775,Small
510.png,Data/CVC-ClinicDB/images/510.png,Data/CVC-ClinicDB/masks/510.png,384,288,3,11543,110592,10.4375,Medium
511.png,Data/CVC-ClinicDB/images/511.png,Data/CVC-ClinicDB/masks/511.png,384,288,3,6983,110592,6.3142,Medium
512.png,Data/CVC-ClinicDB/images/512.png,Data/CVC-ClinicDB/masks/512.png,384,288,3,6611,110592,5.9778,Medium
513.png,Data/CVC-ClinicDB/images/513.png,Data/CVC-ClinicDB/masks/513.png,384,288,3,7785,110592,7.0394,Medium
514.png,Data/CVC-ClinicDB/images/514.png,Data/CVC-ClinicDB/masks/514.png,384,288,3,10401,110592,9.4048,Medium
515.png,Data/CVC-ClinicDB/images/515.png,Data/CVC-ClinicDB/masks/515.png,384,288,3,8534,110592,7.7167,Medium
516.png,Data/CVC-ClinicDB/images/516.png,Data/CVC-ClinicDB/masks/516.png,384,288,3,13278,110592,12.0063,Medium
517.png,Data/CVC-ClinicDB/images/517.png,Data/CVC-ClinicDB/masks/517.png,384,288,3,8382,110592,7.5792,Medium
518.png,Data/CVC-ClinicDB/images/518.png,Data/CVC-ClinicDB/masks/518.png,384,288,3,6944,110592,6.2789,Medium
519.png,Data/CVC-ClinicDB/images/519.png,Data/CVC-ClinicDB/masks/519.png,384,288,3,17452,110592,15.7805,Medium
52.png,Data/CVC-ClinicDB/images/52.png,Data/CVC-ClinicDB/masks/52.png,384,288,3,1050,110592,0.9494,Small
520.png,Data/CVC-ClinicDB/images/520.png,Data/CVC-ClinicDB/masks/520.png,384,288,3,21827,110592,19.7365,Medium
521.png,Data/CVC-ClinicDB/images/521.png,Data/CVC-ClinicDB/masks/521.png,384,288,3,10150,110592,9.1779,Medium
522.png,Data/CVC-ClinicDB/images/522.png,Data/CVC-ClinicDB/masks/522.png,384,288,3,7477,110592,6.7609,Medium
523.png,Data/CVC-ClinicDB/images/523.png,Data/CVC-ClinicDB/masks/523.png,384,288,3,4861,110592,4.3954,Small
524.png,Data/CVC-ClinicDB/images/524.png,Data/CVC-ClinicDB/masks/524.png,384,288,3,19764,110592,17.8711,Medium
525.png,Data/CVC-ClinicDB/images/525.png,Data/CVC-ClinicDB/masks/525.png,384,288,3,10932,110592,9.885,Medium
526.png,Data/CVC-ClinicDB/images/526.png,Data/CVC-ClinicDB/masks/526.png,384,288,3,8567,110592,7.7465,Medium
527.png,Data/CVC-ClinicDB/images/527.png,Data/CVC-ClinicDB/masks/527.png,384,288,3,8483,110592,7.6705,Medium
528.png,Data/CVC-ClinicDB/images/528.png,Data/CVC-ClinicDB/masks/528.png,384,288,3,10623,110592,9.6056,Medium
529.png,Data/CVC-ClinicDB/images/529.png,Data/CVC-ClinicDB/masks/529.png,384,288,3,2610,110592,2.36,Small
53.png,Data/CVC-ClinicDB/images/53.png,Data/CVC-ClinicDB/masks/53.png,384,288,3,819,110592,0.7406,Small
530.png,Data/CVC-ClinicDB/images/530.png,Data/CVC-ClinicDB/masks/530.png,384,288,3,2533,110592,2.2904,Small
531.png,Data/CVC-ClinicDB/images/531.png,Data/CVC-ClinicDB/masks/531.png,384,288,3,2916,110592,2.6367,Small
532.png,Data/CVC-ClinicDB/images/532.png,Data/CVC-ClinicDB/masks/532.png,384,288,3,3527,110592,3.1892,Small
533.png,Data/CVC-ClinicDB/images/533.png,Data/CVC-ClinicDB/masks/533.png,384,288,3,4749,110592,4.2942,Small
534.png,Data/CVC-ClinicDB/images/534.png,Data/CVC-ClinicDB/masks/534.png,384,288,3,6125,110592,5.5384,Medium
535.png,Data/CVC-ClinicDB/images/535.png,Data/CVC-ClinicDB/masks/535.png,384,288,3,6495,110592,5.8729,Medium
536.png,Data/CVC-ClinicDB/images/536.png,Data/CVC-ClinicDB/masks/536.png,384,288,3,6836,110592,6.1813,Medium
537.png,Data/CVC-ClinicDB/images/537.png,Data/CVC-ClinicDB/masks/537.png,384,288,3,4375,110592,3.956,Small
538.png,Data/CVC-ClinicDB/images/538.png,Data/CVC-ClinicDB/masks/538.png,384,288,3,4543,110592,4.1079,Small
539.png,Data/CVC-ClinicDB/images/539.png,Data/CVC-ClinicDB/masks/539.png,384,288,3,7401,110592,6.6922,Medium
54.png,Data/CVC-ClinicDB/images/54.png,Data/CVC-ClinicDB/masks/54.png,384,288,3,444,110592,0.4015,Small
540.png,Data/CVC-ClinicDB/images/540.png,Data/CVC-ClinicDB/masks/540.png,384,288,3,13663,110592,12.3544,Medium
541.png,Data/CVC-ClinicDB/images/541.png,Data/CVC-ClinicDB/masks/541.png,384,288,3,5464,110592,4.9407,Small
542.png,Data/CVC-ClinicDB/images/542.png,Data/CVC-ClinicDB/masks/542.png,384,288,3,6357,110592,5.7482,Medium
543.png,Data/CVC-ClinicDB/images/543.png,Data/CVC-ClinicDB/masks/543.png,384,288,3,9204,110592,8.3225,Medium
544.png,Data/CVC-ClinicDB/images/544.png,Data/CVC-ClinicDB/masks/544.png,384,288,3,14066,110592,12.7188,Medium
545.png,Data/CVC-ClinicDB/images/545.png,Data/CVC-ClinicDB/masks/545.png,384,288,3,6278,110592,5.6767,Medium
546.png,Data/CVC-ClinicDB/images/546.png,Data/CVC-ClinicDB/masks/546.png,384,288,3,6015,110592,5.4389,Medium
547.png,Data/CVC-ClinicDB/images/547.png,Data/CVC-ClinicDB/masks/547.png,384,288,3,4815,110592,4.3538,Small
548.png,Data/CVC-ClinicDB/images/548.png,Data/CVC-ClinicDB/masks/548.png,384,288,3,6470,110592,5.8503,Medium
549.png,Data/CVC-ClinicDB/images/549.png,Data/CVC-ClinicDB/masks/549.png,384,288,3,1997,110592,1.8057,Small
55.png,Data/CVC-ClinicDB/images/55.png,Data/CVC-ClinicDB/masks/55.png,384,288,3,665,110592,0.6013,Small
550.png,Data/CVC-ClinicDB/images/550.png,Data/CVC-ClinicDB/masks/550.png,384,288,3,6128,110592,5.5411,Medium
551.png,Data/CVC-ClinicDB/images/551.png,Data/CVC-ClinicDB/masks/551.png,384,288,3,6183,110592,5.5908,Medium
552.png,Data/CVC-ClinicDB/images/552.png,Data/CVC-ClinicDB/masks/552.png,384,288,3,6227,110592,5.6306,Medium
553.png,Data/CVC-ClinicDB/images/553.png,Data/CVC-ClinicDB/masks/553.png,384,288,3,7892,110592,7.1361,Medium
554.png,Data/CVC-ClinicDB/images/554.png,Data/CVC-ClinicDB/masks/554.png,384,288,3,8842,110592,7.9952,Medium
555.png,Data/CVC-ClinicDB/images/555.png,Data/CVC-ClinicDB/masks/555.png,384,288,3,7360,110592,6.6551,Medium
556.png,Data/CVC-ClinicDB/images/556.png,Data/CVC-ClinicDB/masks/556.png,384,288,3,7171,110592,6.4842,Medium
557.png,Data/CVC-ClinicDB/images/557.png,Data/CVC-ClinicDB/masks/557.png,384,288,3,5809,110592,5.2526,Medium
558.png,Data/CVC-ClinicDB/images/558.png,Data/CVC-ClinicDB/masks/558.png,384,288,3,5707,110592,5.1604,Medium
559.png,Data/CVC-ClinicDB/images/559.png,Data/CVC-ClinicDB/masks/559.png,384,288,3,373,110592,0.3373,Small
56.png,Data/CVC-ClinicDB/images/56.png,Data/CVC-ClinicDB/masks/56.png,384,288,3,2826,110592,2.5553,Small
560.png,Data/CVC-ClinicDB/images/560.png,Data/CVC-ClinicDB/masks/560.png,384,288,3,3950,110592,3.5717,Small
561.png,Data/CVC-ClinicDB/images/561.png,Data/CVC-ClinicDB/masks/561.png,384,288,3,5728,110592,5.1794,Medium
562.png,Data/CVC-ClinicDB/images/562.png,Data/CVC-ClinicDB/masks/562.png,384,288,3,7102,110592,6.4218,Medium
563.png,Data/CVC-ClinicDB/images/563.png,Data/CVC-ClinicDB/masks/563.png,384,288,3,12350,110592,11.1672,Medium
564.png,Data/CVC-ClinicDB/images/564.png,Data/CVC-ClinicDB/masks/564.png,384,288,3,13382,110592,12.1003,Medium
565.png,Data/CVC-ClinicDB/images/565.png,Data/CVC-ClinicDB/masks/565.png,384,288,3,9380,110592,8.4816,Medium
566.png,Data/CVC-ClinicDB/images/566.png,Data/CVC-ClinicDB/masks/566.png,384,288,3,3472,110592,3.1395,Small
567.png,Data/CVC-ClinicDB/images/567.png,Data/CVC-ClinicDB/masks/567.png,384,288,3,3626,110592,3.2787,Small
568.png,Data/CVC-ClinicDB/images/568.png,Data/CVC-ClinicDB/masks/568.png,384,288,3,1355,110592,1.2252,Small
569.png,Data/CVC-ClinicDB/images/569.png,Data/CVC-ClinicDB/masks/569.png,384,288,3,2541,110592,2.2976,Small
57.png,Data/CVC-ClinicDB/images/57.png,Data/CVC-ClinicDB/masks/57.png,384,288,3,1354,110592,1.2243,Small
570.png,Data/CVC-ClinicDB/images/570.png,Data/CVC-ClinicDB/masks/570.png,384,288,3,2003,110592,1.8112,Small
571.png,Data/CVC-ClinicDB/images/571.png,Data/CVC-ClinicDB/masks/571.png,384,288,3,4138,110592,3.7417,Small
572.png,Data/CVC-ClinicDB/images/572.png,Data/CVC-ClinicDB/masks/572.png,384,288,3,4436,110592,4.0111,Small
573.png,Data/CVC-ClinicDB/images/573.png,Data/CVC-ClinicDB/masks/573.png,384,288,3,2464,110592,2.228,Small
574.png,Data/CVC-ClinicDB/images/574.png,Data/CVC-ClinicDB/masks/574.png,384,288,3,2261,110592,2.0445,Small
575.png,Data/CVC-ClinicDB/images/575.png,Data/CVC-ClinicDB/masks/575.png,384,288,3,4564,110592,4.1269,Small
576.png,Data/CVC-ClinicDB/images/576.png,Data/CVC-ClinicDB/masks/576.png,384,288,3,5649,110592,5.108,Medium
577.png,Data/CVC-ClinicDB/images/577.png,Data/CVC-ClinicDB/masks/577.png,384,288,3,5574,110592,5.0401,Medium
578.png,Data/CVC-ClinicDB/images/578.png,Data/CVC-ClinicDB/masks/578.png,384,288,3,5522,110592,4.9931,Small
579.png,Data/CVC-ClinicDB/images/579.png,Data/CVC-ClinicDB/masks/579.png,384,288,3,12943,110592,11.7034,Medium
58.png,Data/CVC-ClinicDB/images/58.png,Data/CVC-ClinicDB/masks/58.png,384,288,3,1341,110592,1.2126,Small
580.png,Data/CVC-ClinicDB/images/580.png,Data/CVC-ClinicDB/masks/580.png,384,288,3,15644,110592,14.1457,Medium
581.png,Data/CVC-ClinicDB/images/581.png,Data/CVC-ClinicDB/masks/581.png,384,288,3,18509,110592,16.7363,Medium
582.png,Data/CVC-ClinicDB/images/582.png,Data/CVC-ClinicDB/masks/582.png,384,288,3,8713,110592,7.8785,Medium
583.png,Data/CVC-ClinicDB/images/583.png,Data/CVC-ClinicDB/masks/583.png,384,288,3,5130,110592,4.6387,Small
584.png,Data/CVC-ClinicDB/images/584.png,Data/CVC-ClinicDB/masks/584.png,384,288,3,3078,110592,2.7832,Small
585.png,Data/CVC-ClinicDB/images/585.png,Data/CVC-ClinicDB/masks/585.png,384,288,3,2417,110592,2.1855,Small
586.png,Data/CVC-ClinicDB/images/586.png,Data/CVC-ClinicDB/masks/586.png,384,288,3,4440,110592,4.0148,Small
587.png,Data/CVC-ClinicDB/images/587.png,Data/CVC-ClinicDB/masks/587.png,384,288,3,2559,110592,2.3139,Small
588.png,Data/CVC-ClinicDB/images/588.png,Data/CVC-ClinicDB/masks/588.png,384,288,3,2184,110592,1.9748,Small
589.png,Data/CVC-ClinicDB/images/589.png,Data/CVC-ClinicDB/masks/589.png,384,288,3,2450,110592,2.2154,Small
59.png,Data/CVC-ClinicDB/images/59.png,Data/CVC-ClinicDB/masks/59.png,384,288,3,1155,110592,1.0444,Small
590.png,Data/CVC-ClinicDB/images/590.png,Data/CVC-ClinicDB/masks/590.png,384,288,3,2147,110592,1.9414,Small
591.png,Data/CVC-ClinicDB/images/591.png,Data/CVC-ClinicDB/masks/591.png,384,288,3,1963,110592,1.775,Small
592.png,Data/CVC-ClinicDB/images/592.png,Data/CVC-ClinicDB/masks/592.png,384,288,3,4798,110592,4.3385,Small
593.png,Data/CVC-ClinicDB/images/593.png,Data/CVC-ClinicDB/masks/593.png,384,288,3,4523,110592,4.0898,Small
594.png,Data/CVC-ClinicDB/images/594.png,Data/CVC-ClinicDB/masks/594.png,384,288,3,4399,110592,3.9777,Small
595.png,Data/CVC-ClinicDB/images/595.png,Data/CVC-ClinicDB/masks/595.png,384,288,3,2816,110592,2.5463,Small
596.png,Data/CVC-ClinicDB/images/596.png,Data/CVC-ClinicDB/masks/596.png,384,288,3,2101,110592,1.8998,Small
597.png,Data/CVC-ClinicDB/images/597.png,Data/CVC-ClinicDB/masks/597.png,384,288,3,1114,110592,1.0073,Small
598.png,Data/CVC-ClinicDB/images/598.png,Data/CVC-ClinicDB/masks/598.png,384,288,3,2590,110592,2.3419,Small
599.png,Data/CVC-ClinicDB/images/599.png,Data/CVC-ClinicDB/masks/599.png,384,288,3,3690,110592,3.3366,Small
6.png,Data/CVC-ClinicDB/images/6.png,Data/CVC-ClinicDB/masks/6.png,384,288,3,20355,110592,18.4055,Medium
60.png,Data/CVC-ClinicDB/images/60.png,Data/CVC-ClinicDB/masks/60.png,384,288,3,2734,110592,2.4721,Small
600.png,Data/CVC-ClinicDB/images/600.png,Data/CVC-ClinicDB/masks/600.png,384,288,3,8216,110592,7.4291,Medium
601.png,Data/CVC-ClinicDB/images/601.png,Data/CVC-ClinicDB/masks/601.png,384,288,3,5975,110592,5.4027,Medium
602.png,Data/CVC-ClinicDB/images/602.png,Data/CVC-ClinicDB/masks/602.png,384,288,3,6334,110592,5.7274,Medium
603.png,Data/CVC-ClinicDB/images/603.png,Data/CVC-ClinicDB/masks/603.png,384,288,3,7524,110592,6.8034,Medium
604.png,Data/CVC-ClinicDB/images/604.png,Data/CVC-ClinicDB/masks/604.png,384,288,3,6577,110592,5.9471,Medium
605.png,Data/CVC-ClinicDB/images/605.png,Data/CVC-ClinicDB/masks/605.png,384,288,3,2823,110592,2.5526,Small
606.png,Data/CVC-ClinicDB/images/606.png,Data/CVC-ClinicDB/masks/606.png,384,288,3,3496,110592,3.1612,Small
607.png,Data/CVC-ClinicDB/images/607.png,Data/CVC-ClinicDB/masks/607.png,384,288,3,1955,110592,1.7678,Small
608.png,Data/CVC-ClinicDB/images/608.png,Data/CVC-ClinicDB/masks/608.png,384,288,3,2792,110592,2.5246,Small
609.png,Data/CVC-ClinicDB/images/609.png,Data/CVC-ClinicDB/masks/609.png,384,288,3,4095,110592,3.7028,Small
61.png,Data/CVC-ClinicDB/images/61.png,Data/CVC-ClinicDB/masks/61.png,384,288,3,2189,110592,1.9793,Small
610.png,Data/CVC-ClinicDB/images/610.png,Data/CVC-ClinicDB/masks/610.png,384,288,3,4264,110592,3.8556,Small
611.png,Data/CVC-ClinicDB/images/611.png,Data/CVC-ClinicDB/masks/611.png,384,288,3,3978,110592,3.597,Small
612.png,Data/CVC-ClinicDB/images/612.png,Data/CVC-ClinicDB/masks/612.png,384,288,3,2136,110592,1.9314,Small
62.png,Data/CVC-ClinicDB/images/62.png,Data/CVC-ClinicDB/masks/62.png,384,288,3,1391,110592,1.2578,Small
63.png,Data/CVC-ClinicDB/images/63.png,Data/CVC-ClinicDB/masks/63.png,384,288,3,1497,110592,1.3536,Small
64.png,Data/CVC-ClinicDB/images/64.png,Data/CVC-ClinicDB/masks/64.png,384,288,3,1261,110592,1.1402,Small
65.png,Data/CVC-ClinicDB/images/65.png,Data/CVC-ClinicDB/masks/65.png,384,288,3,1368,110592,1.237,Small
66.png,Data/CVC-ClinicDB/images/66.png,Data/CVC-ClinicDB/masks/66.png,384,288,3,1601,110592,1.4477,Small
67.png,Data/CVC-ClinicDB/images/67.png,Data/CVC-ClinicDB/masks/67.png,384,288,3,1715,110592,1.5507,Small
68.png,Data/CVC-ClinicDB/images/68.png,Data/CVC-ClinicDB/masks/68.png,384,288,3,6589,110592,5.9579,Medium
69.png,Data/CVC-ClinicDB/images/69.png,Data/CVC-ClinicDB/masks/69.png,384,288,3,1357,110592,1.227,Small
7.png,Data/CVC-ClinicDB/images/7.png,Data/CVC-ClinicDB/masks/7.png,384,288,3,23387,110592,21.1471,Large
70.png,Data/CVC-ClinicDB/images/70.png,Data/CVC-ClinicDB/masks/70.png,384,288,3,3049,110592,2.757,Small
71.png,Data/CVC-ClinicDB/images/71.png,Data/CVC-ClinicDB/masks/71.png,384,288,3,873,110592,0.7894,Small
72.png,Data/CVC-ClinicDB/images/72.png,Data/CVC-ClinicDB/masks/72.png,384,288,3,2864,110592,2.5897,Small
73.png,Data/CVC-ClinicDB/images/73.png,Data/CVC-ClinicDB/masks/73.png,384,288,3,3117,110592,2.8185,Small
74.png,Data/CVC-ClinicDB/images/74.png,Data/CVC-ClinicDB/masks/74.png,384,288,3,2744,110592,2.4812,Small
75.png,Data/CVC-ClinicDB/images/75.png,Data/CVC-ClinicDB/masks/75.png,384,288,3,2717,110592,2.4568,Small
76.png,Data/CVC-ClinicDB/images/76.png,Data/CVC-ClinicDB/masks/76.png,384,288,3,1910,110592,1.7271,Small
77.png,Data/CVC-ClinicDB/images/77.png,Data/CVC-ClinicDB/masks/77.png,384,288,3,2146,110592,1.9405,Small
78.png,Data/CVC-ClinicDB/images/78.png,Data/CVC-ClinicDB/masks/78.png,384,288,3,1945,110592,1.7587,Small
79.png,Data/CVC-ClinicDB/images/79.png,Data/CVC-ClinicDB/masks/79.png,384,288,3,2031,110592,1.8365,Small
8.png,Data/CVC-ClinicDB/images/8.png,Data/CVC-ClinicDB/masks/8.png,384,288,3,24805,110592,22.4293,Large
80.png,Data/CVC-ClinicDB/images/80.png,Data/CVC-ClinicDB/masks/80.png,384,288,3,1290,110592,1.1664,Small
81.png,Data/CVC-ClinicDB/images/81.png,Data/CVC-ClinicDB/masks/81.png,384,288,3,7399,110592,6.6904,Medium
82.png,Data/CVC-ClinicDB/images/82.png,Data/CVC-ClinicDB/masks/82.png,384,288,3,3625,110592,3.2778,Small
83.png,Data/CVC-ClinicDB/images/83.png,Data/CVC-ClinicDB/masks/83.png,384,288,3,8063,110592,7.2908,Medium
84.png,Data/CVC-ClinicDB/images/84.png,Data/CVC-ClinicDB/masks/84.png,384,288,3,5250,110592,4.7472,Small
85.png,Data/CVC-ClinicDB/images/85.png,Data/CVC-ClinicDB/masks/85.png,384,288,3,5832,110592,5.2734,Medium
86.png,Data/CVC-ClinicDB/images/86.png,Data/CVC-ClinicDB/masks/86.png,384,288,3,6107,110592,5.5221,Medium
87.png,Data/CVC-ClinicDB/images/87.png,Data/CVC-ClinicDB/masks/87.png,384,288,3,6394,110592,5.7816,Medium
88.png,Data/CVC-ClinicDB/images/88.png,Data/CVC-ClinicDB/masks/88.png,384,288,3,4515,110592,4.0826,Small
89.png,Data/CVC-ClinicDB/images/89.png,Data/CVC-ClinicDB/masks/89.png,384,288,3,4856,110592,4.3909,Small
9.png,Data/CVC-ClinicDB/images/9.png,Data/CVC-ClinicDB/masks/9.png,384,288,3,14241,110592,12.8771,Medium
90.png,Data/CVC-ClinicDB/images/90.png,Data/CVC-ClinicDB/masks/90.png,384,288,3,5098,110592,4.6097,Small
91.png,Data/CVC-ClinicDB/images/91.png,Data/CVC-ClinicDB/masks/91.png,384,288,3,4748,110592,4.2933,Small
92.png,Data/CVC-ClinicDB/images/92.png,Data/CVC-ClinicDB/masks/92.png,384,288,3,3957,110592,3.578,Small
93.png,Data/CVC-ClinicDB/images/93.png,Data/CVC-ClinicDB/masks/93.png,384,288,3,3912,110592,3.5373,Small
94.png,Data/CVC-ClinicDB/images/94.png,Data/CVC-ClinicDB/masks/94.png,384,288,3,4437,110592,4.012,Small
95.png,Data/CVC-ClinicDB/images/95.png,Data/CVC-ClinicDB/masks/95.png,384,288,3,4552,110592,4.116,Small
96.png,Data/CVC-ClinicDB/images/96.png,Data/CVC-ClinicDB/masks/96.png,384,288,3,4236,110592,3.8303,Small
97.png,Data/CVC-ClinicDB/images/97.png,Data/CVC-ClinicDB/masks/97.png,384,288,3,3380,110592,3.0563,Small
98.png,Data/CVC-ClinicDB/images/98.png,Data/CVC-ClinicDB/masks/98.png,384,288,3,9920,110592,8.9699,Medium
99.png,Data/CVC-ClinicDB/images/99.png,Data/CVC-ClinicDB/masks/99.png,384,288,3,7304,110592,6.6045,Medium
